{
  "backgroundImage": "https://drive.google.com/uc?export=download&id=1aUY7vQpRQVp0lHq7P3BOSCix9NXH7AW-",
  "thumbnailUrl": "https://drive.google.com/thumbnail?id=1aUY7vQpRQVp0lHq7P3BOSCix9NXH7AW-&sz=w2000",
  "viewUrl": "https://drive.google.com/uc?export=view&id=1aUY7vQpRQVp0lHq7P3BOSCix9NXH7AW-",
  "directUrl": "https://lh3.googleusercontent.com/d/1aUY7vQpRQVp0lHq7P3BOSCix9NXH7AW-",
  "originalUrl": "https://drive.google.com/uc?export=download&id=1aUY7vQpRQVp0lHq7P3BOSCix9NXH7AW-",
  "fileId": "1aUY7vQpRQVp0lHq7P3BOSCix9NXH7AW-",
  "updatedAt": "2025-07-08T16:44:04.638Z"
}